"","Species","lon","lat","Presence"
"1","Araucaria_angustifolia",-51.17444722,-29.14158611,1
"2","Araucaria_angustifolia",-50.16018333,-29.04721389,1
"3","Araucaria_angustifolia",-50.24805833,-28.99053889,1
"4","Araucaria_angustifolia",-50.20242222,-28.80619444,1
"5","Araucaria_angustifolia",-51.09139722,-28.79391111,1
"6","Araucaria_angustifolia",-50.7779,-28.68526667,1
"7","Araucaria_angustifolia",-50.43388889,-28.669225,1
"8","Araucaria_angustifolia",-49.85299722,-28.46196111,1
"9","Araucaria_angustifolia",-50.86586944,-28.44298889,1
"10","Araucaria_angustifolia",-50.24805833,-28.41693889,1
"11","Araucaria_angustifolia",-49.63776667,-28.33816667,1
"12","Araucaria_angustifolia",-49.94620833,-28.28920833,1
"13","Araucaria_angustifolia",-52.19099167,-28.28659167,1
"14","Araucaria_angustifolia",-52.40961389,-28.25803056,1
"15","Araucaria_angustifolia",-51.16670556,-28.22818056,1
"16","Araucaria_angustifolia",-51.19375833,-28.05300556,1
"17","Araucaria_angustifolia",-49.59323889,-28.01608889,1
"18","Araucaria_angustifolia",-49.87337222,-27.95617222,1
"19","Araucaria_angustifolia",-50.51028333,-27.93943333,1
"20","Araucaria_angustifolia",-50.09766667,-27.92391111,1
"21","Araucaria_angustifolia",-50.76004722,-27.89803611,1
"22","Araucaria_angustifolia",-49.77586389,-27.85968889,1
"23","Araucaria_angustifolia",-50.32635556,-27.81546389,1
"24","Araucaria_angustifolia",-49.48748056,-27.79949167,1
"25","Araucaria_angustifolia",-50.86776111,-27.7947,1
"26","Araucaria_angustifolia",-49.94317778,-27.74571389,1
"27","Araucaria_angustifolia",-51.19593333,-27.74289722,1
"28","Araucaria_angustifolia",-49.99732778,-27.69803333,1
"29","Araucaria_angustifolia",-50.57379722,-27.66068611,1
"30","Araucaria_angustifolia",-50.36212778,-27.58856667,1
"31","Araucaria_angustifolia",-50.15820833,-27.58351111,1
"32","Araucaria_angustifolia",-50.37686944,-27.48400556,1
"33","Araucaria_angustifolia",-50.12380833,-27.47975278,1
"34","Araucaria_angustifolia",-49.36969167,-27.4575,1
"35","Araucaria_angustifolia",-51.23627778,-27.39476111,1
"36","Araucaria_angustifolia",-52.02636389,-27.23397222,1
"37","Araucaria_angustifolia",-53.26466,-27.158735,1
"38","Araucaria_angustifolia",-52.175,-27.08611111,1
"39","Araucaria_angustifolia",-52.77835278,-27.08425,1
"40","Araucaria_angustifolia",-52.13277778,-27.0575,1
"41","Araucaria_angustifolia",-51.95766667,-27.03511389,1
"42","Araucaria_angustifolia",-51.90201667,-27.02968333,1
"43","Araucaria_angustifolia",-52.16611111,-27.0275,1
"44","Araucaria_angustifolia",-51.01666667,-27.01666667,1
"45","Araucaria_angustifolia",-52.18943056,-27.00055278,1
"46","Araucaria_angustifolia",-51.73501667,-26.99984444,1
"47","Araucaria_angustifolia",-53.39061,-26.994311,1
"48","Araucaria_angustifolia",-52.00882222,-26.87793056,1
"49","Araucaria_angustifolia",-52.00836667,-26.87535556,1
"50","Araucaria_angustifolia",-50.91666667,-26.85,1
"51","Araucaria_angustifolia",-52.05982222,-26.79180833,1
"52","Araucaria_angustifolia",-51.60444444,-26.58305556,1
"53","Araucaria_angustifolia",-51.97057222,-26.493875,1
"54","Araucaria_angustifolia",-51.306225,-26.42807222,1
"55","Araucaria_angustifolia",-51.37472222,-26.39305556,1
"56","Araucaria_angustifolia",-50.29938056,-26.12411389,1
"57","Araucaria_angustifolia",-51.41392,-26.096854,1
"58","Araucaria_angustifolia",-49.79668333,-26.08528611,1
"59","Araucaria_angustifolia",-52.39594,-26.02,1
"60","Araucaria_angustifolia",-52.04846944,-25.57606111,1
"61","Araucaria_angustifolia",-49.26538333,-25.42442778,1
"62","Araucaria_angustifolia",-50.54418333,-25.40924167,1
"63","Araucaria_angustifolia",-51.92528,-25.38882,1
"64","Araucaria_angustifolia",-51.468725,-25.36775278,1
"65","Araucaria_angustifolia",-49.23333333,-25.33333333,1
"66","Araucaria_angustifolia",-49.15711111,-25.31983333,1
"67","Araucaria_angustifolia",-49.18554444,-24.68645833,1
"68","Araucaria_angustifolia",-51.9375,-24.43388889,1
"69","Araucaria_angustifolia",-52.02154,-24.237851,1
"72","Araucaria_angustifolia",-50.18716389,-23.84083056,1
"73","Araucaria_angustifolia",-50.40903056,-23.83499722,1
"75","Araucaria_angustifolia",-45.59634722,-22.74292778,1
"77","Araucaria_angustifolia",-45.206775,-22.60158056,1
"78","Araucaria_angustifolia",-44.73583889,-22.55730278,1
"80","Araucaria_angustifolia",-51.81861,-26.79861,1
"81","Araucaria_angustifolia",-51.86083,-26.80111,1
"82","Araucaria_angustifolia",-51.97528,-26.76056,1
"83","Araucaria_angustifolia",-51.865,-26.78611,1
"84","Araucaria_angustifolia",-52.0225,-26.81528,1
"85","Araucaria_angustifolia",-51.80667,-26.82667,1
"86","Araucaria_angustifolia",-51.96556,-26.75389,1
"87","Araucaria_angustifolia",-51.935,-26.70194,1
"88","Araucaria_angustifolia",-51.97833,-26.83139,1
"89","Araucaria_angustifolia",-51.98861,-26.83472,1
"90","Araucaria_angustifolia",-51.93389,-26.72472,1
"91","Araucaria_angustifolia",-49.63097,-28.13991,1
"92","Araucaria_angustifolia",-49.63358,-28.15519,1
"93","Araucaria_angustifolia",-49.63946,-28.15463,1
"94","Araucaria_angustifolia",-49.48942,-28.11458,1
"95","Araucaria_angustifolia",-49.50261,-28.1069,1
"96","Araucaria_angustifolia",-49.5073,-28.0813,1
"97","Araucaria_angustifolia",-49.3746,-28.00789,1
"98","Araucaria_angustifolia",-49.37294,-28.00357,1
"99","Araucaria_angustifolia",-49.36899,-27.99919,1
"100","Araucaria_angustifolia",-49.44243,-27.8971,1
"101","Araucaria_angustifolia",-49.39246,-27.90066,1
"102","Araucaria_angustifolia",-49.39031,-27.90049,1
"103","Araucaria_angustifolia",-50.29334,-28.04294,1
"104","Araucaria_angustifolia",-50.29504,-28.04667,1
"105","Araucaria_angustifolia",-50.29494,-28.04956,1
"106","Araucaria_angustifolia",-49.23638889,-25.45305556,1
"107","Araucaria_angustifolia",-49.19472222,-25.51,1
"108","Araucaria_angustifolia",-51.01166667,-26.77444444,1
"109","Araucaria_angustifolia",-50.58416667,-27.28305556,1
"110","Araucaria_angustifolia",-50.30777778,-26.16277778,1
"111","Araucaria_angustifolia",-49.62416667,-27.01611111,1
"112","Araucaria_angustifolia",-49.80555556,-26.12166667,1
"113","Araucaria_angustifolia",-49.40583333,-23.59138889,1
"114","Araucaria_angustifolia",-51.45861111,-25.38305556,1
"115","Araucaria_angustifolia",-51.63777778,-25.70472222,1
"116","Araucaria_angustifolia",-50.40083333,-26.95916667,1
"117","Araucaria_angustifolia",-50.44333333,-27.15027778,1
"118","Araucaria_angustifolia",-50.37638889,-26.20305556,1
"119","Araucaria_angustifolia",-49.62888889,-26.15111111,1
"120","Araucaria_angustifolia",-49.90222222,-26.34666667,1
"121","Araucaria_angustifolia",-50.17444,-29.48083,1
"122","Araucaria_angustifolia",-50.57556,-29.42056,1
"123","Araucaria_angustifolia",-51.24954,-29.27623,1
"124","Araucaria_angustifolia",-49.48611,-28.93528,1
"125","Araucaria_angustifolia",-49.94767,-28.439,1
"126","Araucaria_angustifolia",-49.94778,-28.43889,1
"127","Araucaria_angustifolia",-49.39732194,-28.39702027,1
"128","Araucaria_angustifolia",-50.55167,-28.34806,1
"129","Araucaria_angustifolia",-49.91666,-28.3,1
"130","Araucaria_angustifolia",-49.76908,-28.26053,1
"131","Araucaria_angustifolia",-50.67011,-28.26019,1
"132","Araucaria_angustifolia",-49.49833,-28.08278,1
"133","Araucaria_angustifolia",-50.84972,-28.035,1
"134","Araucaria_angustifolia",-49.82207,-28.02516,1
"135","Araucaria_angustifolia",-49.49194,-28.01306,1
"136","Araucaria_angustifolia",-50.80361,-27.98889,1
"137","Araucaria_angustifolia",-50.1275,-27.9275,1
"138","Araucaria_angustifolia",-51.155,-27.90139,1
"139","Araucaria_angustifolia",-49.79089,-27.90072,1
"140","Araucaria_angustifolia",-50.34694,-27.83278,1
"141","Araucaria_angustifolia",-51.24056,-27.82694,1
"142","Araucaria_angustifolia",-50.32648464,-27.82000884,1
"143","Araucaria_angustifolia",-49.48982509,-27.80111257,1
"144","Araucaria_angustifolia",-49.41083,-27.62917,1
"145","Araucaria_angustifolia",-50.80486,-27.48511,1
"146","Araucaria_angustifolia",-50.80559,-27.48451,1
"147","Araucaria_angustifolia",-50.8063,-27.48404,1
"148","Araucaria_angustifolia",-51.22472,-27.40167,1
"149","Araucaria_angustifolia",-51.56778,-27.36111,1
"150","Araucaria_angustifolia",-55.53,-27.32,1
"151","Araucaria_angustifolia",-55.53333,-27.31666,1
"152","Araucaria_angustifolia",-50.58528,-27.28333,1
"153","Araucaria_angustifolia",-49.64373269,-27.21830456,1
"154","Araucaria_angustifolia",-51.66247403,-27.07469264,1
"155","Araucaria_angustifolia",-51,-27,1
"156","Araucaria_angustifolia",-50.4273865,-26.96469766,1
"157","Araucaria_angustifolia",-51.38831,-26.90733,1
"158","Araucaria_angustifolia",-49.07914,-26.9055,1
"159","Araucaria_angustifolia",-50.964,-26.86122,1
"160","Araucaria_angustifolia",-54.13333,-26.65,1
"161","Araucaria_angustifolia",-54.13,-26.65,1
"162","Araucaria_angustifolia",-54.09985,-26.63014,1
"163","Araucaria_angustifolia",-51.40056,-26.54611,1
"164","Araucaria_angustifolia",-51.99139302,-26.48828344,1
"165","Araucaria_angustifolia",-49.51234,-26.4321,1
"166","Araucaria_angustifolia",-52.7951,-26.4284,1
"167","Araucaria_angustifolia",-49.68611,-26.3675,1
"168","Araucaria_angustifolia",-48.84389,-26.30139,1
"169","Araucaria_angustifolia",-49.30444,-26.25556,1
"170","Araucaria_angustifolia",-50.39037926,-26.18108767,1
"171","Araucaria_angustifolia",-50.30806,-26.11583,1
"172","Araucaria_angustifolia",-50.32257411,-26.11058705,1
"173","Araucaria_angustifolia",-53.76666,-26.03333,1
"174","Araucaria_angustifolia",-53.77,-26.03,1
"175","Araucaria_angustifolia",-49.19949459,-25.93218959,1
"176","Araucaria_angustifolia",-48.8347669,-25.48078485,1
"177","Araucaria_angustifolia",-50.65149336,-25.47107691,1
"179","Araucaria_angustifolia",-49.23694,-25.44278,1
"180","Araucaria_angustifolia",-49.99864,-25.41969,1
"181","Araucaria_angustifolia",-49.26667,-25.41667,1
"182","Araucaria_angustifolia",-49.11492,-25.40189,1
"183","Araucaria_angustifolia",-49.25983,-25.39753,1
"184","Araucaria_angustifolia",-49.12072,-25.38286,1
"185","Araucaria_angustifolia",-49.12539,-25.38119,1
"186","Araucaria_angustifolia",-49.26017,-25.36431,1
"187","Araucaria_angustifolia",-53.96583,-25.33111,1
"188","Araucaria_angustifolia",-49.16305,-25.325,1
"189","Araucaria_angustifolia",-49.16778,-25.32278,1
"190","Araucaria_angustifolia",-49.15917,-25.32194,1
"191","Araucaria_angustifolia",-49.15861,-25.31583,1
"192","Araucaria_angustifolia",-53.15756483,-25.20716011,1
"193","Araucaria_angustifolia",-51.57261,-25.06989,1
"194","Araucaria_angustifolia",-51.5645,-25.04356,1
"195","Araucaria_angustifolia",-52,-25,1
"196","Araucaria_angustifolia",-52.30986,-24.20614,1
"197","Araucaria_angustifolia",-50.30842,-24.14306,1
"198","Araucaria_angustifolia",-52.3,-24.1,1
"199","Araucaria_angustifolia",-52.36075,-24.04861,1
"200","Araucaria_angustifolia",-52.35992,-24.01689,1
"201","Araucaria_angustifolia",-46.7725,-23.66306,1
"203","Araucaria_angustifolia",-46.63040635,-23.54416359,1
"204","Araucaria_angustifolia",-46.91878,-23.23011,1
"205","Araucaria_angustifolia",-45.31,-23.2217,1
"207","Araucaria_angustifolia",-45.59033244,-22.7338533,1
"208","Araucaria_angustifolia",-45.31972,-22.58194,1
"209","Araucaria_angustifolia",-45.31958,-22.58192,1
"210","Araucaria_angustifolia",-43.0084,-22.5309,1
"213","Araucaria_angustifolia",-44.56336132,-22.49995142,1
"216","Araucaria_angustifolia",-54,-30,1
"220","Araucaria_angustifolia",-49.409888,-27.735083,1
"221","Araucaria_angustifolia",-49.336113,-27.685833,1
"222","Araucaria_angustifolia",-49.40788,-27.6628,1
"223","Araucaria_angustifolia",-50.04889,-27.62254,1
"224","Araucaria_angustifolia",-50.58593,-27.82932,1
"225","Araucaria_angustifolia",-50.157349,-27.928608,1
"226","Araucaria_angustifolia",-50.08415,-27.83988,1
"227","Araucaria_angustifolia",-49.864977,-28.197363,1
"228","Araucaria_angustifolia",-49.66965,-28.17892,1
"229","Araucaria_angustifolia",-49.935266,-27.952589,1
"230","Araucaria_angustifolia",-49.932174,-27.921074,1
"231","Araucaria_angustifolia",-49.28643,-27.37968,1
"232","Araucaria_angustifolia",-49.27344,-27.35562,1
"233","Araucaria_angustifolia",-49.28835,-27.37754,1
"234","Araucaria_angustifolia",-49.27767,-27.38451,1
"235","Araucaria_angustifolia",-49.27887,-27.38657,1
"236","Araucaria_angustifolia",-49.28374,-27.38474,1
"237","Araucaria_angustifolia",-49.35837,-28.01104,1
"238","Araucaria_angustifolia",-49.38915,-28.04239,1
"239","Araucaria_angustifolia",-49.41075,-27.57692,1
"240","Araucaria_angustifolia",-49.986594,-27.921392,1
"241","Araucaria_angustifolia",-50.2609,-28.11889,1
"242","Araucaria_angustifolia",-50.26646,-28.12881,1
"243","Araucaria_angustifolia",-50.21264,-28.13401,1
"244","Araucaria_angustifolia",-50.5886,-27.82885,1
"245","Araucaria_angustifolia",-50.55966,-27.78782,1
"246","Araucaria_angustifolia",-50.043168,-27.784397,1
"247","Araucaria_angustifolia",-50.06776,-27.73098,1
"248","Araucaria_angustifolia",-50.53781,-27.83484,1
"249","Araucaria_angustifolia",-50.53272,-27.83392,1
"251","Araucaria_angustifolia",-50.041334,-27.744022,1
"252","Araucaria_angustifolia",-52.36268,-26.39907,1
"253","Araucaria_angustifolia",-52.252041,-26.456564,1
"254","Araucaria_angustifolia",-52.05913,-26.483673,1
"255","Araucaria_angustifolia",-50.24818,-27.78141,1
"256","Araucaria_angustifolia",-50.06924,-27.72948,1
"257","Araucaria_angustifolia",-50.02006,-27.73733,1
"258","Araucaria_angustifolia",-50.02285,-27.43492,1
"259","Araucaria_angustifolia",-49.53722,-27.44433,1
"260","Araucaria_angustifolia",-50.324,-27.50289,1
"261","Araucaria_angustifolia",-50.32093,-27.5012,1
"262","Araucaria_angustifolia",-49.53545,-27.4338,1
"263","Araucaria_angustifolia",-49.53428,-27.44542,1
"264","Araucaria_angustifolia",-50.34625,-29.50107,1
"265","Araucaria_angustifolia",-50.37092,-29.47235,1
"266","Araucaria_angustifolia",-49.87515,-27.95456,1
"267","Araucaria_angustifolia",-49.937843,-27.8925,1
"268","Araucaria_angustifolia",-49.89768,-27.89012,1
"269","Araucaria_angustifolia",-49.98636,-27.88154,1
"270","Araucaria_angustifolia",-50.55036,-27.84093,1
"271","Araucaria_angustifolia",-49.95931,-28.010564,1
"272","Araucaria_angustifolia",-49.99605,-28.070176,1
"273","Araucaria_angustifolia",-49.92783,-27.89202,1
"274","Araucaria_angustifolia",-51.7706,-25.95057,1
"276","Araucaria_angustifolia",-49.87744,-27.95473,1
"277","Araucaria_angustifolia",-49.93977,-27.92812,1
"278","Araucaria_angustifolia",-49.91698,-27.90365,1
"279","Araucaria_angustifolia",-49.9089,-27.90465,1
"280","Araucaria_angustifolia",-49.95851,-27.95796,1
"281","Araucaria_angustifolia",-49.64228,-27.95995,1
"283","Araucaria_angustifolia",-49.5748,-28.07428,1
"284","Araucaria_angustifolia",-49.573874,-28.053239,1
"285","Araucaria_angustifolia",-49.76484,-27.868911,1
"286","Araucaria_angustifolia",-49.62426,-27.97917,1
"287","Araucaria_angustifolia",-49.6393,-27.9859,1
"288","Araucaria_angustifolia",-50.56938,-29.038987,1
"289","Araucaria_angustifolia",-51.27429,-28.78151,1
"290","Araucaria_angustifolia",-50.6554,-29.41994,1
"292","Araucaria_angustifolia",-44.678942,-22.756417,1
"293","Araucaria_angustifolia",-53.857728,-25.217367,1
"294","Araucaria_angustifolia",-51.145928,-29.159692,1
"295","Araucaria_angustifolia",-51.959839,-26.795881,1
"301","Araucaria_angustifolia",-49.3721,-28.015181,1
"302","Araucaria_angustifolia",-49.372378,-28.014814,1
"303","Araucaria_angustifolia",-49.372731,-28.014383,1
"304","Araucaria_angustifolia",-49.373294,-28.013839,1
"305","Araucaria_angustifolia",-49.373644,-28.013411,1
"306","Araucaria_angustifolia",-49.374356,-28.012617,1
"307","Araucaria_angustifolia",-49.374617,-28.012161,1
"308","Araucaria_angustifolia",-49.374869,-28.011503,1
"309","Araucaria_angustifolia",-49.375058,-28.010889,1
"310","Araucaria_angustifolia",-49.375272,-28.010394,1
"311","Araucaria_angustifolia",-49.375678,-28.009389,1
"312","Araucaria_angustifolia",-49.3758,-28.008828,1
"313","Araucaria_angustifolia",-49.375622,-28.007942,1
"314","Araucaria_angustifolia",-49.375692,-28.007194,1
"315","Araucaria_angustifolia",-49.375103,-28.007097,1
"316","Araucaria_angustifolia",-49.373875,-28.005831,1
"317","Araucaria_angustifolia",-49.373536,-28.005442,1
"318","Araucaria_angustifolia",-49.373467,-28.004947,1
"319","Araucaria_angustifolia",-49.373525,-28.004428,1
"320","Araucaria_angustifolia",-49.373503,-28.003869,1
"321","Araucaria_angustifolia",-49.373036,-28.003375,1
"322","Araucaria_angustifolia",-49.372064,-28.002483,1
"323","Araucaria_angustifolia",-49.371417,-28.001989,1
"324","Araucaria_angustifolia",-49.371003,-28.001497,1
"325","Araucaria_angustifolia",-49.370506,-28.001156,1
"326","Araucaria_angustifolia",-49.370064,-28.000853,1
"327","Araucaria_angustifolia",-49.369678,-28.000447,1
"328","Araucaria_angustifolia",-49.369083,-27.999789,1
"329","Araucaria_angustifolia",-49.368947,-27.999292,1
"330","Araucaria_angustifolia",-49.368942,-27.998717,1
"331","Araucaria_angustifolia",-49.884619,-27.911294,1
"332","Araucaria_angustifolia",-49.883964,-27.911372,1
"333","Araucaria_angustifolia",-49.883675,-27.911814,1
"334","Araucaria_angustifolia",-49.88285,-27.912017,1
"335","Araucaria_angustifolia",-49.882336,-27.912528,1
"336","Araucaria_angustifolia",-49.882425,-27.912967,1
"337","Araucaria_angustifolia",-49.882625,-27.913422,1
"338","Araucaria_angustifolia",-49.882678,-27.913903,1
"339","Araucaria_angustifolia",-49.882131,-27.914283,1
"340","Araucaria_angustifolia",-49.881542,-27.914714,1
"341","Araucaria_angustifolia",-49.880925,-27.914906,1
"342","Araucaria_angustifolia",-49.8799,-27.915397,1
"343","Araucaria_angustifolia",-49.878239,-27.917389,1
"344","Araucaria_angustifolia",-49.877494,-27.917575,1
"345","Araucaria_angustifolia",-49.877319,-27.916725,1
"346","Araucaria_angustifolia",-49.87585,-27.917864,1
"347","Araucaria_angustifolia",-49.875503,-27.918278,1
"348","Araucaria_angustifolia",-49.874897,-27.918217,1
"349","Araucaria_angustifolia",-49.874194,-27.918186,1
"350","Araucaria_angustifolia",-49.873667,-27.918197,1
"351","Araucaria_angustifolia",-49.873047,-27.918472,1
"352","Araucaria_angustifolia",-49.872328,-27.918564,1
"353","Araucaria_angustifolia",-49.871814,-27.918339,1
"354","Araucaria_angustifolia",-49.871289,-27.918453,1
"355","Araucaria_angustifolia",-49.869964,-27.9185,1
"356","Araucaria_angustifolia",-49.869514,-27.918817,1
"357","Araucaria_angustifolia",-49.868867,-27.918678,1
"358","Araucaria_angustifolia",-49.868208,-27.918036,1
"359","Araucaria_angustifolia",-49.868175,-27.917456,1
"360","Araucaria_angustifolia",-49.868158,-27.916944,1
"361","Araucaria_angustifolia",-50.398703,-27.270931,1
"362","Araucaria_angustifolia",-50.398689,-27.271522,1
"363","Araucaria_angustifolia",-50.396681,-27.271417,1
"364","Araucaria_angustifolia",-50.396792,-27.271997,1
"365","Araucaria_angustifolia",-50.397392,-27.272581,1
"366","Araucaria_angustifolia",-50.398056,-27.272497,1
"367","Araucaria_angustifolia",-50.398683,-27.272867,1
"368","Araucaria_angustifolia",-50.398669,-27.273406,1
"369","Araucaria_angustifolia",-50.39805,-27.273614,1
"370","Araucaria_angustifolia",-50.397419,-27.2738,1
"371","Araucaria_angustifolia",-50.396528,-27.274003,1
"372","Araucaria_angustifolia",-50.395956,-27.274153,1
"373","Araucaria_angustifolia",-50.395542,-27.274242,1
"374","Araucaria_angustifolia",-50.394881,-27.274411,1
"375","Araucaria_angustifolia",-50.396194,-27.274939,1
"376","Araucaria_angustifolia",-50.395803,-27.275464,1
"377","Araucaria_angustifolia",-50.396839,-27.275494,1
"378","Araucaria_angustifolia",-50.396214,-27.275783,1
"379","Araucaria_angustifolia",-50.396008,-27.276242,1
"380","Araucaria_angustifolia",-50.395522,-27.275975,1
"381","Araucaria_angustifolia",-50.39515,-27.276328,1
"382","Araucaria_angustifolia",-50.394961,-27.277383,1
"383","Araucaria_angustifolia",-50.394556,-27.276356,1
"384","Araucaria_angustifolia",-50.395117,-27.275519,1
"385","Araucaria_angustifolia",-50.394767,-27.275097,1
"386","Araucaria_angustifolia",-50.396744,-27.2728,1
"387","Araucaria_angustifolia",-50.396467,-27.272303,1
"388","Araucaria_angustifolia",-50.396244,-27.271808,1
"389","Araucaria_angustifolia",-50.395711,-27.271953,1
"390","Araucaria_angustifolia",-50.395617,-27.271397,1
"391","Araucaria_angustifolia",-49.79975,-28.345453,1
"392","Araucaria_angustifolia",-49.799458,-28.345806,1
"393","Araucaria_angustifolia",-49.799136,-28.345556,1
"394","Araucaria_angustifolia",-49.799097,-28.345142,1
"395","Araucaria_angustifolia",-49.7985,-28.345333,1
"396","Araucaria_angustifolia",-49.798183,-28.344933,1
"397","Araucaria_angustifolia",-49.798333,-28.344581,1
"398","Araucaria_angustifolia",-49.797864,-28.344622,1
"399","Araucaria_angustifolia",-49.798017,-28.344194,1
"400","Araucaria_angustifolia",-49.797419,-28.344133,1
"401","Araucaria_angustifolia",-49.796947,-28.343814,1
"402","Araucaria_angustifolia",-49.796686,-28.343525,1
"403","Araucaria_angustifolia",-49.796486,-28.342903,1
"404","Araucaria_angustifolia",-49.796144,-28.342281,1
"405","Araucaria_angustifolia",-49.796833,-28.342125,1
"406","Araucaria_angustifolia",-49.797428,-28.342122,1
"407","Araucaria_angustifolia",-49.797825,-28.342747,1
"408","Araucaria_angustifolia",-49.797158,-28.343086,1
"409","Araucaria_angustifolia",-49.797814,-28.3434,1
"410","Araucaria_angustifolia",-49.798164,-28.343883,1
"411","Araucaria_angustifolia",-49.798922,-28.344003,1
"412","Araucaria_angustifolia",-49.799567,-28.344172,1
"413","Araucaria_angustifolia",-49.799967,-28.344725,1
"414","Araucaria_angustifolia",-49.800394,-28.345733,1
"415","Araucaria_angustifolia",-49.800322,-28.346311,1
"416","Araucaria_angustifolia",-49.800106,-28.346842,1
"417","Araucaria_angustifolia",-49.799911,-28.347283,1
"418","Araucaria_angustifolia",-49.799344,-28.347683,1
"419","Araucaria_angustifolia",-49.798947,-28.348036,1
"420","Araucaria_angustifolia",-49.798478,-28.348156,1
"421","Araucaria_angustifolia",-49.666097,-28.326925,1
"422","Araucaria_angustifolia",-49.666108,-28.326456,1
"423","Araucaria_angustifolia",-49.666628,-28.326211,1
"424","Araucaria_angustifolia",-49.666992,-28.326564,1
"425","Araucaria_angustifolia",-49.669806,-28.329808,1
"426","Araucaria_angustifolia",-49.671147,-28.328547,1
"427","Araucaria_angustifolia",-49.676864,-28.334339,1
"428","Araucaria_angustifolia",-49.666611,-28.326994,1
"429","Araucaria_angustifolia",-49.676436,-28.334056,1
"430","Araucaria_angustifolia",-49.676058,-28.333789,1
"431","Araucaria_angustifolia",-49.67545,-28.334067,1
"432","Araucaria_angustifolia",-49.675064,-28.333506,1
"433","Araucaria_angustifolia",-49.674881,-28.332953,1
"434","Araucaria_angustifolia",-49.674225,-28.332789,1
"435","Araucaria_angustifolia",-49.673842,-28.332467,1
"436","Araucaria_angustifolia",-49.673469,-28.332131,1
"437","Araucaria_angustifolia",-49.67325,-28.331697,1
"438","Araucaria_angustifolia",-49.672886,-28.331325,1
"439","Araucaria_angustifolia",-49.672656,-28.330822,1
"440","Araucaria_angustifolia",-49.672175,-28.330853,1
"441","Araucaria_angustifolia",-49.671872,-28.330419,1
"442","Araucaria_angustifolia",-49.671497,-28.330697,1
"443","Araucaria_angustifolia",-49.671183,-28.330311,1
"444","Araucaria_angustifolia",-49.670664,-28.330114,1
"445","Araucaria_angustifolia",-49.670256,-28.329125,1
"446","Araucaria_angustifolia",-49.669719,-28.329278,1
"447","Araucaria_angustifolia",-49.668936,-28.32925,1
"448","Araucaria_angustifolia",-49.668867,-28.328653,1
"449","Araucaria_angustifolia",-49.667925,-28.328475,1
"450","Araucaria_angustifolia",-49.666986,-28.327242,1
"451","Araucaria_angustifolia",-49.995714,-28.822986,1
"452","Araucaria_angustifolia",-49.995353,-28.822578,1
"453","Araucaria_angustifolia",-49.994922,-28.822178,1
"454","Araucaria_angustifolia",-49.994678,-28.821778,1
"455","Araucaria_angustifolia",-49.994497,-28.821275,1
"456","Araucaria_angustifolia",-49.993931,-28.821,1
"457","Araucaria_angustifolia",-49.993372,-28.820997,1
"458","Araucaria_angustifolia",-49.993025,-28.821525,1
"459","Araucaria_angustifolia",-49.992606,-28.821233,1
"460","Araucaria_angustifolia",-49.992272,-28.820867,1
"461","Araucaria_angustifolia",-49.991997,-28.820483,1
"462","Araucaria_angustifolia",-49.991717,-28.820056,1
"463","Araucaria_angustifolia",-49.991217,-28.819764,1
"464","Araucaria_angustifolia",-49.992519,-28.821814,1
"465","Araucaria_angustifolia",-49.992133,-28.822242,1
"466","Araucaria_angustifolia",-49.991706,-28.822428,1
"467","Araucaria_angustifolia",-49.990606,-28.822194,1
"468","Araucaria_angustifolia",-49.990236,-28.822525,1
"469","Araucaria_angustifolia",-49.990281,-28.823289,1
"470","Araucaria_angustifolia",-49.990006,-28.823872,1
"471","Araucaria_angustifolia",-49.991017,-28.824228,1
"472","Araucaria_angustifolia",-49.991508,-28.824167,1
"473","Araucaria_angustifolia",-49.992078,-28.824014,1
"474","Araucaria_angustifolia",-49.992575,-28.823897,1
"475","Araucaria_angustifolia",-49.993117,-28.823744,1
"476","Araucaria_angustifolia",-49.993594,-28.823997,1
"477","Araucaria_angustifolia",-49.9938,-28.823569,1
"478","Araucaria_angustifolia",-49.994331,-28.823631,1
"479","Araucaria_angustifolia",-49.994867,-28.823753,1
"480","Araucaria_angustifolia",-49.995394,-28.823597,1
"481","Araucaria_angustifolia",-50.064044,-28.784592,1
"482","Araucaria_angustifolia",-50.064636,-28.784844,1
"483","Araucaria_angustifolia",-50.065128,-28.784911,1
"484","Araucaria_angustifolia",-50.065681,-28.784556,1
"485","Araucaria_angustifolia",-50.066464,-28.784328,1
"486","Araucaria_angustifolia",-50.067381,-28.784411,1
"487","Araucaria_angustifolia",-50.065664,-28.784019,1
"488","Araucaria_angustifolia",-50.065858,-28.783378,1
"489","Araucaria_angustifolia",-50.066014,-28.782925,1
"490","Araucaria_angustifolia",-50.066189,-28.782358,1
"491","Araucaria_angustifolia",-50.065917,-28.781892,1
"492","Araucaria_angustifolia",-50.066378,-28.781842,1
"493","Araucaria_angustifolia",-50.066694,-28.781308,1
"494","Araucaria_angustifolia",-50.066375,-28.780561,1
"495","Araucaria_angustifolia",-50.065894,-28.780353,1
"496","Araucaria_angustifolia",-50.065008,-28.78,1
"497","Araucaria_angustifolia",-50.064319,-28.779903,1
"498","Araucaria_angustifolia",-50.064456,-28.779272,1
"499","Araucaria_angustifolia",-50.063764,-28.779106,1
"500","Araucaria_angustifolia",-50.063725,-28.779578,1
"501","Araucaria_angustifolia",-50.062983,-28.780069,1
"502","Araucaria_angustifolia",-50.063483,-28.780253,1
"503","Araucaria_angustifolia",-50.064158,-28.780422,1
"504","Araucaria_angustifolia",-50.064719,-28.780925,1
"505","Araucaria_angustifolia",-50.064506,-28.781583,1
"506","Araucaria_angustifolia",-50.064289,-28.782025,1
"507","Araucaria_angustifolia",-50.064558,-28.782644,1
"508","Araucaria_angustifolia",-50.064956,-28.783194,1
"509","Araucaria_angustifolia",-50.064592,-28.783914,1
"510","Araucaria_angustifolia",-50.065089,-28.784408,1
"511","Araucaria_angustifolia",-50.077719,-29.046478,1
"512","Araucaria_angustifolia",-50.077078,-29.046717,1
"513","Araucaria_angustifolia",-50.076528,-29.046936,1
"514","Araucaria_angustifolia",-50.075925,-29.047194,1
"515","Araucaria_angustifolia",-50.075064,-29.047419,1
"516","Araucaria_angustifolia",-50.074392,-29.047639,1
"517","Araucaria_angustifolia",-50.073922,-29.047886,1
"518","Araucaria_angustifolia",-50.071108,-29.049644,1
"519","Araucaria_angustifolia",-50.070686,-29.050197,1
"520","Araucaria_angustifolia",-50.070258,-29.050864,1
"521","Araucaria_angustifolia",-50.069978,-29.051475,1
"522","Araucaria_angustifolia",-50.069486,-29.052214,1
"523","Araucaria_angustifolia",-50.073222,-29.048956,1
"524","Araucaria_angustifolia",-50.073894,-29.049336,1
"525","Araucaria_angustifolia",-50.074314,-29.049628,1
"526","Araucaria_angustifolia",-50.074656,-29.050056,1
"527","Araucaria_angustifolia",-50.074944,-29.050656,1
"528","Araucaria_angustifolia",-50.07495,-29.051111,1
"529","Araucaria_angustifolia",-50.075131,-29.051506,1
"530","Araucaria_angustifolia",-50.075475,-29.051911,1
"531","Araucaria_angustifolia",-50.075725,-29.052375,1
"532","Araucaria_angustifolia",-50.075583,-29.052864,1
"533","Araucaria_angustifolia",-50.075556,-29.053364,1
"534","Araucaria_angustifolia",-50.075672,-29.053822,1
"535","Araucaria_angustifolia",-50.075892,-29.054267,1
"536","Araucaria_angustifolia",-50.076236,-29.054736,1
"537","Araucaria_angustifolia",-50.077361,-29.055125,1
"538","Araucaria_angustifolia",-50.078575,-29.054608,1
"539","Araucaria_angustifolia",-50.079075,-29.054214,1
"540","Araucaria_angustifolia",-50.080203,-29.053683,1
"541","Araucaria_angustifolia",-50.9695,-28.548628,1
"542","Araucaria_angustifolia",-50.971503,-28.548514,1
"543","Araucaria_angustifolia",-50.969153,-28.549167,1
"544","Araucaria_angustifolia",-50.968328,-28.548933,1
"545","Araucaria_angustifolia",-50.971269,-28.548156,1
"546","Araucaria_angustifolia",-50.969897,-28.548494,1
"547","Araucaria_angustifolia",-50.972236,-28.548683,1
"548","Araucaria_angustifolia",-50.971036,-28.548558,1
"549","Araucaria_angustifolia",-50.9682,-28.547714,1
"550","Araucaria_angustifolia",-50.968858,-28.550017,1
"551","Araucaria_angustifolia",-50.971786,-28.548119,1
"552","Araucaria_angustifolia",-50.969719,-28.550828,1
"553","Araucaria_angustifolia",-50.970158,-28.549097,1
"554","Araucaria_angustifolia",-50.969033,-28.547689,1
"555","Araucaria_angustifolia",-50.96865,-28.547517,1
"556","Araucaria_angustifolia",-50.968897,-28.548653,1
"557","Araucaria_angustifolia",-50.971167,-28.5504,1
"558","Araucaria_angustifolia",-50.970222,-28.550972,1
"559","Araucaria_angustifolia",-50.968925,-28.549603,1
"560","Araucaria_angustifolia",-50.969611,-28.550011,1
"561","Araucaria_angustifolia",-50.969661,-28.548131,1
"562","Araucaria_angustifolia",-50.968536,-28.548125,1
"563","Araucaria_angustifolia",-50.969139,-28.548211,1
"564","Araucaria_angustifolia",-50.969714,-28.547764,1
"565","Araucaria_angustifolia",-50.972622,-28.549275,1
"566","Araucaria_angustifolia",-50.969411,-28.550444,1
"567","Araucaria_angustifolia",-50.968131,-28.548472,1
"568","Araucaria_angustifolia",-50.970689,-28.550325,1
"569","Araucaria_angustifolia",-50.970078,-28.550283,1
"570","Araucaria_angustifolia",-50.970536,-28.548547,1
"571","Araucaria_angustifolia",-50.763722,-28.206786,1
"572","Araucaria_angustifolia",-50.764297,-28.205933,1
"573","Araucaria_angustifolia",-50.804686,-28.222953,1
"574","Araucaria_angustifolia",-50.799897,-28.218406,1
"575","Araucaria_angustifolia",-50.765367,-28.210592,1
"576","Araucaria_angustifolia",-50.809242,-28.220278,1
"577","Araucaria_angustifolia",-50.763364,-28.208203,1
"578","Araucaria_angustifolia",-50.811892,-28.216686,1
"579","Araucaria_angustifolia",-50.796006,-28.219453,1
"580","Araucaria_angustifolia",-50.808803,-28.219183,1
"581","Araucaria_angustifolia",-50.792989,-28.219767,1
"582","Araucaria_angustifolia",-50.762914,-28.206833,1
"583","Araucaria_angustifolia",-50.764964,-28.205994,1
"584","Araucaria_angustifolia",-50.789225,-28.220497,1
"585","Araucaria_angustifolia",-50.765422,-28.206797,1
"586","Araucaria_angustifolia",-50.806061,-28.223961,1
"587","Araucaria_angustifolia",-50.764439,-28.207181,1
"588","Araucaria_angustifolia",-50.809236,-28.222375,1
"589","Araucaria_angustifolia",-50.776397,-28.213914,1
"590","Araucaria_angustifolia",-50.801564,-28.220319,1
"591","Araucaria_angustifolia",-50.80385,-28.222144,1
"592","Araucaria_angustifolia",-50.762742,-28.206478,1
"593","Araucaria_angustifolia",-50.7925,-28.2195,1
"594","Araucaria_angustifolia",-50.798772,-28.219625,1
"595","Araucaria_angustifolia",-50.807386,-28.223658,1
"596","Araucaria_angustifolia",-50.8019,-28.220728,1
"597","Araucaria_angustifolia",-50.789739,-28.220028,1
"598","Araucaria_angustifolia",-50.762281,-28.206581,1
"599","Araucaria_angustifolia",-50.762525,-28.206958,1
"600","Araucaria_angustifolia",-50.765683,-28.206389,1
"601","Araucaria_angustifolia",-50.291172,-28.045742,1
"602","Araucaria_angustifolia",-50.288906,-28.045933,1
"603","Araucaria_angustifolia",-50.288872,-28.047131,1
"604","Araucaria_angustifolia",-50.292578,-28.044328,1
"605","Araucaria_angustifolia",-50.293222,-28.044556,1
"618","Araucaria_angustifolia",-50.292,-28.049956,1
"623","Araucaria_angustifolia",-50.289342,-28.045578,1
"624","Araucaria_angustifolia",-50.288769,-28.046572,1
"625","Araucaria_angustifolia",-50.289214,-28.047467,1
"626","Araucaria_angustifolia",-50.289428,-28.048297,1
"627","Araucaria_angustifolia",-50.2899,-28.049514,1
"628","Araucaria_angustifolia",-50.287844,-28.047681,1
"629","Araucaria_angustifolia",-50.287842,-28.046919,1
"630","Araucaria_angustifolia",-50.287664,-28.046247,1
"631","Araucaria_angustifolia",-51.132444,-26.217753,1
"632","Araucaria_angustifolia",-51.132917,-26.217053,1
"633","Araucaria_angustifolia",-51.133281,-26.216725,1
"634","Araucaria_angustifolia",-51.132786,-26.216561,1
"635","Araucaria_angustifolia",-51.132214,-26.216058,1
"636","Araucaria_angustifolia",-51.131719,-26.216008,1
"637","Araucaria_angustifolia",-51.131761,-26.215417,1
"638","Araucaria_angustifolia",-51.132181,-26.215247,1
"639","Araucaria_angustifolia",-51.132447,-26.214706,1
"640","Araucaria_angustifolia",-51.132694,-26.215222,1
"641","Araucaria_angustifolia",-51.132989,-26.21545,1
"642","Araucaria_angustifolia",-51.133653,-26.216347,1
"643","Araucaria_angustifolia",-51.134544,-26.215172,1
"644","Araucaria_angustifolia",-51.135003,-26.215253,1
"645","Araucaria_angustifolia",-51.135486,-26.215203,1
"646","Araucaria_angustifolia",-51.135872,-26.215592,1
"647","Araucaria_angustifolia",-51.135822,-26.215975,1
"648","Araucaria_angustifolia",-51.135469,-26.215717,1
"649","Araucaria_angustifolia",-51.135111,-26.2155,1
"650","Araucaria_angustifolia",-51.134436,-26.215553,1
"651","Araucaria_angustifolia",-51.134333,-26.216008,1
"652","Araucaria_angustifolia",-51.131786,-26.214028,1
"653","Araucaria_angustifolia",-51.132292,-26.214264,1
"654","Araucaria_angustifolia",-51.132578,-26.214414,1
"655","Araucaria_angustifolia",-51.132683,-26.213872,1
"656","Araucaria_angustifolia",-51.132753,-26.213472,1
"657","Araucaria_angustifolia",-51.132525,-26.213181,1
"658","Araucaria_angustifolia",-51.132758,-26.212714,1
"659","Araucaria_angustifolia",-51.132894,-26.213136,1
"660","Araucaria_angustifolia",-51.133278,-26.213269,1
"661","Araucaria_angustifolia",-51.601428,-27.626361,1
"662","Araucaria_angustifolia",-51.601464,-27.625467,1
"663","Araucaria_angustifolia",-51.601194,-27.624103,1
"664","Araucaria_angustifolia",-51.601047,-27.623408,1
"665","Araucaria_angustifolia",-51.60085,-27.622794,1
"666","Araucaria_angustifolia",-51.600808,-27.621647,1
"667","Araucaria_angustifolia",-51.600928,-27.620908,1
"668","Araucaria_angustifolia",-51.600686,-27.61985,1
"669","Araucaria_angustifolia",-51.600667,-27.619461,1
"670","Araucaria_angustifolia",-51.600636,-27.618767,1
"671","Araucaria_angustifolia",-51.600597,-27.617711,1
"672","Araucaria_angustifolia",-51.600492,-27.617219,1
"673","Araucaria_angustifolia",-51.600489,-27.616753,1
"674","Araucaria_angustifolia",-51.600556,-27.615808,1
"675","Araucaria_angustifolia",-51.600542,-27.615406,1
"676","Araucaria_angustifolia",-51.600678,-27.614975,1
"677","Araucaria_angustifolia",-51.6007,-27.614322,1
"678","Araucaria_angustifolia",-51.600828,-27.6139,1
"679","Araucaria_angustifolia",-51.600867,-27.613378,1
"680","Araucaria_angustifolia",-51.600919,-27.612108,1
"681","Araucaria_angustifolia",-51.600844,-27.611506,1
"682","Araucaria_angustifolia",-51.601422,-27.610917,1
"683","Araucaria_angustifolia",-51.601772,-27.610733,1
"684","Araucaria_angustifolia",-51.600794,-27.610367,1
"685","Araucaria_angustifolia",-51.600772,-27.609758,1
"686","Araucaria_angustifolia",-51.599514,-27.613683,1
"687","Araucaria_angustifolia",-51.598083,-27.614208,1
"688","Araucaria_angustifolia",-51.602242,-27.627992,1
"689","Araucaria_angustifolia",-51.601875,-27.628336,1
"690","Araucaria_angustifolia",-51.601408,-27.629175,1
"691","Araucaria_angustifolia",-52.184239,-28.282756,1
"692","Araucaria_angustifolia",-52.184144,-28.283378,1
"693","Araucaria_angustifolia",-52.183856,-28.283742,1
"694","Araucaria_angustifolia",-52.183586,-28.284083,1
"695","Araucaria_angustifolia",-52.1832,-28.284547,1
"696","Araucaria_angustifolia",-52.183447,-28.285758,1
"697","Araucaria_angustifolia",-52.184153,-28.286061,1
"698","Araucaria_angustifolia",-52.184628,-28.286542,1
"699","Araucaria_angustifolia",-52.186783,-28.288342,1
"700","Araucaria_angustifolia",-52.187206,-28.288486,1
"701","Araucaria_angustifolia",-52.187761,-28.288806,1
"702","Araucaria_angustifolia",-52.188214,-28.289919,1
"703","Araucaria_angustifolia",-52.188078,-28.290411,1
"704","Araucaria_angustifolia",-52.187853,-28.290847,1
"705","Araucaria_angustifolia",-52.1871,-28.291572,1
"706","Araucaria_angustifolia",-52.188675,-28.29015,1
"707","Araucaria_angustifolia",-52.189739,-28.290736,1
"708","Araucaria_angustifolia",-52.190758,-28.292475,1
"709","Araucaria_angustifolia",-52.190975,-28.29285,1
"710","Araucaria_angustifolia",-52.191,-28.293403,1
"711","Araucaria_angustifolia",-52.190983,-28.29385,1
"712","Araucaria_angustifolia",-52.189928,-28.294,1
"713","Araucaria_angustifolia",-52.191272,-28.292658,1
"714","Araucaria_angustifolia",-52.191697,-28.293008,1
"715","Araucaria_angustifolia",-52.192625,-28.293644,1
"716","Araucaria_angustifolia",-52.192464,-28.294053,1
"717","Araucaria_angustifolia",-52.192372,-28.294317,1
"718","Araucaria_angustifolia",-52.191942,-28.294389,1
"719","Araucaria_angustifolia",-52.191583,-28.294714,1
"720","Araucaria_angustifolia",-52.191411,-28.295053,1
"721","Araucaria_angustifolia",-50.989064,-26.818839,1
"722","Araucaria_angustifolia",-50.988247,-26.818953,1
"723","Araucaria_angustifolia",-50.988508,-26.819456,1
"724","Araucaria_angustifolia",-50.988611,-26.819939,1
"725","Araucaria_angustifolia",-50.988636,-26.820503,1
"726","Araucaria_angustifolia",-50.988592,-26.820964,1
"727","Araucaria_angustifolia",-50.988375,-26.821422,1
"728","Araucaria_angustifolia",-50.987972,-26.821792,1
"729","Araucaria_angustifolia",-50.98795,-26.822308,1
"730","Araucaria_angustifolia",-50.988325,-26.822753,1
"731","Araucaria_angustifolia",-50.988528,-26.823219,1
"732","Araucaria_angustifolia",-50.988428,-26.823686,1
"733","Araucaria_angustifolia",-50.987986,-26.823222,1
"734","Araucaria_angustifolia",-50.987472,-26.823125,1
"735","Araucaria_angustifolia",-50.987019,-26.822697,1
"736","Araucaria_angustifolia",-50.986733,-26.822217,1
"737","Araucaria_angustifolia",-50.986117,-26.821778,1
"738","Araucaria_angustifolia",-50.98605,-26.822378,1
"739","Araucaria_angustifolia",-50.986083,-26.823011,1
"740","Araucaria_angustifolia",-50.986347,-26.823467,1
"741","Araucaria_angustifolia",-50.986542,-26.824128,1
"742","Araucaria_angustifolia",-50.986872,-26.823314,1
"743","Araucaria_angustifolia",-50.987464,-26.822558,1
"744","Araucaria_angustifolia",-50.987492,-26.821917,1
"745","Araucaria_angustifolia",-50.987267,-26.821572,1
"746","Araucaria_angustifolia",-50.987633,-26.821297,1
"747","Araucaria_angustifolia",-50.987631,-26.820797,1
"748","Araucaria_angustifolia",-50.987281,-26.820169,1
"749","Araucaria_angustifolia",-50.987647,-26.819789,1
"750","Araucaria_angustifolia",-50.987917,-26.819372,1
"751","Araucaria_angustifolia",-52.898153,-25.431711,1
"752","Araucaria_angustifolia",-52.897483,-25.431722,1
"753","Araucaria_angustifolia",-52.896947,-25.431811,1
"754","Araucaria_angustifolia",-52.894561,-25.432047,1
"755","Araucaria_angustifolia",-52.891075,-25.42965,1
"756","Araucaria_angustifolia",-52.89105,-25.429022,1
"757","Araucaria_angustifolia",-52.891292,-25.428558,1
"758","Araucaria_angustifolia",-52.892067,-25.428014,1
"759","Araucaria_angustifolia",-52.890986,-25.431483,1
"760","Araucaria_angustifolia",-52.892344,-25.427933,1
"761","Araucaria_angustifolia",-52.892278,-25.428514,1
"762","Araucaria_angustifolia",-52.892453,-25.428333,1
"763","Araucaria_angustifolia",-52.892308,-25.427431,1
"764","Araucaria_angustifolia",-52.889908,-25.432222,1
"765","Araucaria_angustifolia",-52.889967,-25.432547,1
"766","Araucaria_angustifolia",-52.890244,-25.432939,1
"767","Araucaria_angustifolia",-52.890717,-25.432717,1
"768","Araucaria_angustifolia",-52.891231,-25.432747,1
"769","Araucaria_angustifolia",-52.891753,-25.432656,1
"770","Araucaria_angustifolia",-52.892561,-25.432617,1
"771","Araucaria_angustifolia",-52.893197,-25.432528,1
"772","Araucaria_angustifolia",-52.893653,-25.433114,1
"773","Araucaria_angustifolia",-52.893222,-25.433369,1
"774","Araucaria_angustifolia",-52.892844,-25.433683,1
"775","Araucaria_angustifolia",-52.892464,-25.434078,1
"776","Araucaria_angustifolia",-52.889408,-25.433025,1
"777","Araucaria_angustifolia",-52.888458,-25.433117,1
"778","Araucaria_angustifolia",-52.8879,-25.433192,1
"779","Araucaria_angustifolia",-52.887294,-25.433286,1
"780","Araucaria_angustifolia",-52.889272,-25.431464,1
"781","Araucaria_angustifolia",-53.283061,-26.305292,1
"782","Araucaria_angustifolia",-53.2832,-26.305972,1
"783","Araucaria_angustifolia",-53.283342,-26.306533,1
"784","Araucaria_angustifolia",-53.283433,-26.3073,1
"785","Araucaria_angustifolia",-53.284031,-26.307586,1
"786","Araucaria_angustifolia",-53.284922,-26.307828,1
"787","Araucaria_angustifolia",-53.285758,-26.307792,1
"788","Araucaria_angustifolia",-53.286258,-26.308056,1
"789","Araucaria_angustifolia",-53.286531,-26.308694,1
"790","Araucaria_angustifolia",-53.286892,-26.3093,1
"791","Araucaria_angustifolia",-53.286989,-26.310031,1
"792","Araucaria_angustifolia",-53.287358,-26.310419,1
"793","Araucaria_angustifolia",-53.2877,-26.310828,1
"794","Araucaria_angustifolia",-53.288242,-26.311478,1
"795","Araucaria_angustifolia",-53.288525,-26.311842,1
"796","Araucaria_angustifolia",-53.288994,-26.312283,1
"797","Araucaria_angustifolia",-53.289442,-26.312742,1
"798","Araucaria_angustifolia",-53.289733,-26.313331,1
"799","Araucaria_angustifolia",-53.289983,-26.313717,1
"800","Araucaria_angustifolia",-53.290328,-26.314375,1
"801","Araucaria_angustifolia",-53.290108,-26.314889,1
"802","Araucaria_angustifolia",-53.289958,-26.315364,1
"803","Araucaria_angustifolia",-53.289533,-26.3157,1
"804","Araucaria_angustifolia",-53.290856,-26.314492,1
"805","Araucaria_angustifolia",-53.287475,-26.308292,1
"806","Araucaria_angustifolia",-53.287953,-26.307933,1
"807","Araucaria_angustifolia",-53.288322,-26.307339,1
"808","Araucaria_angustifolia",-53.288742,-26.306861,1
"809","Araucaria_angustifolia",-53.288389,-26.306519,1
"810","Araucaria_angustifolia",-53.287733,-26.306375,1
"811","Araucaria_angustifolia",-52.609642,-27.172525,1
"812","Araucaria_angustifolia",-52.609544,-27.171997,1
"813","Araucaria_angustifolia",-52.609469,-27.17155,1
"814","Araucaria_angustifolia",-52.609742,-27.171167,1
"815","Araucaria_angustifolia",-52.609625,-27.170831,1
"816","Araucaria_angustifolia",-52.609933,-27.170486,1
"817","Araucaria_angustifolia",-52.610283,-27.170822,1
"818","Araucaria_angustifolia",-52.610383,-27.171369,1
"819","Araucaria_angustifolia",-52.610033,-27.171711,1
"820","Araucaria_angustifolia",-52.610278,-27.172283,1
"821","Araucaria_angustifolia",-52.610464,-27.171978,1
"822","Araucaria_angustifolia",-52.610856,-27.171386,1
"823","Araucaria_angustifolia",-52.610581,-27.172683,1
"824","Araucaria_angustifolia",-52.610997,-27.172872,1
"825","Araucaria_angustifolia",-52.611103,-27.172194,1
"826","Araucaria_angustifolia",-52.611203,-27.171414,1
"827","Araucaria_angustifolia",-52.611492,-27.171797,1
"828","Araucaria_angustifolia",-52.611622,-27.172294,1
"829","Araucaria_angustifolia",-52.611611,-27.172794,1
"830","Araucaria_angustifolia",-52.611869,-27.173233,1
"831","Araucaria_angustifolia",-52.612439,-27.173272,1
"832","Araucaria_angustifolia",-52.612539,-27.172864,1
"833","Araucaria_angustifolia",-52.6123,-27.173728,1
"834","Araucaria_angustifolia",-52.613419,-27.173403,1
"835","Araucaria_angustifolia",-52.613286,-27.173839,1
"836","Araucaria_angustifolia",-52.614033,-27.173731,1
"837","Araucaria_angustifolia",-52.611311,-27.173439,1
"838","Araucaria_angustifolia",-52.609014,-27.171364,1
"839","Araucaria_angustifolia",-52.608686,-27.171892,1
"840","Araucaria_angustifolia",-52.608961,-27.172422,1
"841","Araucaria_angustifolia",-52.817547,-27.913206,1
"842","Araucaria_angustifolia",-52.8179,-27.912753,1
"843","Araucaria_angustifolia",-52.818592,-27.912267,1
"844","Araucaria_angustifolia",-52.819033,-27.912008,1
"845","Araucaria_angustifolia",-52.819642,-27.911775,1
"846","Araucaria_angustifolia",-52.820467,-27.911517,1
"847","Araucaria_angustifolia",-52.820622,-27.911117,1
"848","Araucaria_angustifolia",-52.820814,-27.910722,1
"849","Araucaria_angustifolia",-52.820772,-27.910306,1
"850","Araucaria_angustifolia",-52.821081,-27.909728,1
"851","Araucaria_angustifolia",-52.821017,-27.909014,1
"852","Araucaria_angustifolia",-52.820756,-27.908461,1
"853","Araucaria_angustifolia",-52.821,-27.90815,1
"854","Araucaria_angustifolia",-52.821247,-27.907833,1
"855","Araucaria_angustifolia",-52.821172,-27.9074,1
"856","Araucaria_angustifolia",-52.820803,-27.907044,1
"857","Araucaria_angustifolia",-52.820592,-27.906694,1
"858","Araucaria_angustifolia",-52.820469,-27.906303,1
"859","Araucaria_angustifolia",-52.820222,-27.905917,1
"860","Araucaria_angustifolia",-52.820197,-27.905197,1
"861","Araucaria_angustifolia",-52.820281,-27.904561,1
"862","Araucaria_angustifolia",-52.820306,-27.904144,1
"863","Araucaria_angustifolia",-52.820786,-27.903836,1
"864","Araucaria_angustifolia",-52.821078,-27.903467,1
"865","Araucaria_angustifolia",-52.821242,-27.902742,1
"866","Araucaria_angustifolia",-52.821292,-27.902244,1
"867","Araucaria_angustifolia",-52.821375,-27.901686,1
"868","Araucaria_angustifolia",-52.821444,-27.901253,1
"869","Araucaria_angustifolia",-52.821878,-27.900831,1
"870","Araucaria_angustifolia",-52.821961,-27.900467,1
"871","Araucaria_angustifolia",-50.551666,-28.348055,1
"875","Araucaria_angustifolia",-47.432486,-21.978169,1
"876","Araucaria_angustifolia",-49.185,-27.100556,1
"877","Araucaria_angustifolia",-50.383331,-29.383331,1
"878","Araucaria_angustifolia",-50.630833,-25.465556,1
"879","Araucaria_angustifolia",-51.166667,-28.216667,1
"880","Araucaria_angustifolia",-42.989542,-22.450475,1
"881","Araucaria_angustifolia",-52.181944,-28.313056,1
"882","Araucaria_angustifolia",-50.078858,-29.15805,1
"883","Araucaria_angustifolia",-50.079564,-29.157783,1
"884","Araucaria_angustifolia",-50.08015,-29.157731,1
"885","Araucaria_angustifolia",-50.080881,-29.157725,1
"886","Araucaria_angustifolia",-50.081361,-29.158061,1
"887","Araucaria_angustifolia",-50.081592,-29.158417,1
"888","Araucaria_angustifolia",-50.081794,-29.158994,1
"889","Araucaria_angustifolia",-50.081992,-29.159586,1
"890","Araucaria_angustifolia",-50.082297,-29.16,1
"891","Araucaria_angustifolia",-50.083103,-29.160206,1
"892","Araucaria_angustifolia",-50.083842,-29.160303,1
"893","Araucaria_angustifolia",-50.084989,-29.160672,1
"894","Araucaria_angustifolia",-50.085586,-29.160889,1
"895","Araucaria_angustifolia",-50.086617,-29.161047,1
"896","Araucaria_angustifolia",-50.087475,-29.161183,1
"897","Araucaria_angustifolia",-50.088089,-29.161328,1
"898","Araucaria_angustifolia",-50.089111,-29.161417,1
"899","Araucaria_angustifolia",-50.089733,-29.161089,1
"900","Araucaria_angustifolia",-50.090369,-29.160972,1
"901","Araucaria_angustifolia",-50.091006,-29.160833,1
"902","Araucaria_angustifolia",-50.0916,-29.160953,1
"903","Araucaria_angustifolia",-50.091881,-29.161703,1
"904","Araucaria_angustifolia",-50.092561,-29.161747,1
"905","Araucaria_angustifolia",-50.093228,-29.162353,1
"906","Araucaria_angustifolia",-50.094158,-29.162369,1
"907","Araucaria_angustifolia",-50.095031,-29.163411,1
"908","Araucaria_angustifolia",-50.095675,-29.163819,1
"909","Araucaria_angustifolia",-50.097581,-29.164678,1
"910","Araucaria_angustifolia",-50.079708,-29.158467,1
"911","Araucaria_angustifolia",-50.069581,-29.158231,1
"913","Araucaria_angustifolia",-46.039722,-22.868333,1
"914","Araucaria_angustifolia",-45.105833,-22.458333,1
"918","Araucaria_angustifolia",-46.662777,-22.686666,1
"920","Araucaria_angustifolia",-50.389722,-29.406692,1
"921","Araucaria_angustifolia",-50.389,-29.408728,1
"923","Araucaria_angustifolia",-50.306111,-26.219444,1
"924","Araucaria_angustifolia",-50.386583,-29.429653,1
"925","Araucaria_angustifolia",-52.778869,-27.100717,1
"926","Araucaria_angustifolia",-50.301211,-26.242403,1
"927","Araucaria_angustifolia",-50.581747,-25.382203,1
"928","Araucaria_angustifolia",-50.2,-29.48,1
"929","Araucaria_angustifolia",-50.301156,-26.2413,1
"930","Araucaria_angustifolia",-48.5,-23.95,1
"931","Araucaria_angustifolia",-52.779719,-27.088608,1
"932","Araucaria_angustifolia",-51.818639,-26.798667,1
"933","Araucaria_angustifolia",-51.806778,-26.801222,1
"934","Araucaria_angustifolia",-51.806778,-26.826806,1
"935","Araucaria_angustifolia",-51.865222,-26.786278,1
"936","Araucaria_angustifolia",-51.965694,-26.754028,1
"937","Araucaria_angustifolia",-51.975361,-26.760667,1
"938","Araucaria_angustifolia",-52.022611,-26.815417,1
"939","Araucaria_angustifolia",-51.935139,-26.702194,1
"940","Araucaria_angustifolia",-51.978333,-26.831444,1
"941","Araucaria_angustifolia",-51.988722,-26.834722,1
"942","Araucaria_angustifolia",-51.934,-26.724722,1
"943","Araucaria_angustifolia",-50.058,-29.164,1
"946","Araucaria_angustifolia",-50.385189,-29.418667,1
"947","Araucaria_angustifolia",-52.529317,-29.626631,1
"948","Araucaria_angustifolia",-52.784722,-27.107778,1
"949","Araucaria_angustifolia",-51.154167,-28.215444,1
"950","Araucaria_angustifolia",-50.393564,-29.015876,1
"951","Araucaria_angustifolia",-50.603608,-29.40939,1
"952","Araucaria_angustifolia",-52.166389,-28.278889,1
"953","Araucaria_angustifolia",-49.158056,-25.320278,1
"954","Araucaria_angustifolia",-52.185422,-28.281858,1
